-- Création de la base de données
CREATE DATABASE IF NOT EXISTS poubelle_verte;
USE poubelle_verte;

-- phpMyAdmin SQL Dump
-- version 5.2.1
-- https://www.phpmyadmin.net/
--
-- Hôte : 127.0.0.1
-- Généré le : jeu. 14 nov. 2024 à 11:26
-- Version du serveur : 10.4.32-MariaDB
-- Version de PHP : 8.2.12

SET SQL_MODE = "NO_AUTO_VALUE_ON_ZERO";
START TRANSACTION;
SET time_zone = "+00:00";


/*!40101 SET @OLD_CHARACTER_SET_CLIENT=@@CHARACTER_SET_CLIENT */;
/*!40101 SET @OLD_CHARACTER_SET_RESULTS=@@CHARACTER_SET_RESULTS */;
/*!40101 SET @OLD_COLLATION_CONNECTION=@@COLLATION_CONNECTION */;
/*!40101 SET NAMES utf8mb4 */;
                   
--
-- Base de données : `poubelle_verte`
--

-- --------------------------------------------------------

--
-- Structure de la table `affectations`
--

CREATE TABLE `affectations` (
  `id` int(11) NOT NULL,
  `cycliste_id` int(11) NOT NULL,
  `velo_id` int(11) NOT NULL,
  `date_affectation` date NOT NULL
) ENGINE=InnoDB DEFAULT CHARSET=utf8mb4 COLLATE=utf8mb4_general_ci;

-- --------------------------------------------------------

--
-- Structure de la table `arrets`
--

CREATE TABLE `arrets` (
  `id` int(11) NOT NULL,
  `libelle` varchar(255) NOT NULL,
  `latitude` decimal(9,6) NOT NULL,
  `longitude` decimal(9,6) NOT NULL,
  `ramassage` tinyint(1) NOT NULL DEFAULT 0,
  `accessible` tinyint(1) NOT NULL DEFAULT 1
) ENGINE=InnoDB DEFAULT CHARSET=utf8mb4 COLLATE=utf8mb4_general_ci;

--
-- Déchargement des données de la table `arrets`
--

INSERT INTO `arrets` (`id`, `libelle`, `latitude`, `longitude`, `ramassage`, `accessible`) VALUES
(1, 'La Défense', 48.892500, 2.235000, 0, 1),
(2, 'Esplanade de la Défense', 48.888800, 2.239900, 0, 1),
(3, 'Pont de Neuilly', 48.884900, 2.267700, 0, 1),
(4, 'Les Sablons', 48.880600, 2.269900, 0, 1),
(5, 'Porte Maillot', 48.878600, 2.282600, 0, 1),
(6, 'Argentine', 48.874500, 2.293300, 0, 1),
(7, 'Charles de Gaulle-Étoile', 48.873800, 2.295000, 0, 1),
(8, 'George V', 48.872300, 2.303000, 0, 1),
(9, 'Franklin D. Roosevelt', 48.870700, 2.308600, 0, 1),
(10, 'Champs-Élysées-Clemenceau', 48.868200, 2.313400, 0, 1),
(11, 'Concorde', 48.865600, 2.321200, 0, 1),
(12, 'Tuileries', 48.863300, 2.327600, 0, 1),
(13, 'Palais Royal-Musée du Louvre', 48.862500, 2.335600, 0, 1),
(14, 'Louvre-Rivoli', 48.861900, 2.340100, 0, 1),
(15, 'Châtelet', 48.858600, 2.347100, 0, 1),
(16, 'Hôtel de Ville', 48.856600, 2.352200, 0, 1),
(17, 'Saint-Paul', 48.855400, 2.360700, 0, 1),
(18, 'Bastille', 48.853000, 2.369000, 0, 1),
(19, 'Gare de Lyon', 48.844000, 2.374700, 0, 1),
(20, 'Reuilly-Diderot', 48.848000, 2.386000, 0, 1),
(21, 'Nation', 48.848300, 2.395700, 0, 1),
(22, 'Porte de Vincennes', 48.847000, 2.409800, 0, 1),
(23, 'Saint-Mandé', 48.847700, 2.419500, 0, 1),
(24, 'Bérault', 48.847300, 2.426500, 0, 1),
(25, 'Château de Vincennes', 48.844100, 2.440500, 0, 1),
(26, 'Porte Dauphine', 48.871900, 2.275700, 0, 1),
(27, 'Victor Hugo', 48.868200, 2.289900, 0, 1),
(28, 'Charles de Gaulle-Étoile', 48.873800, 2.295000, 0, 1),
(29, 'Ternes', 48.878400, 2.298100, 0, 1),
(30, 'Courcelles', 48.880600, 2.307300, 0, 1),
(31, 'Monceau', 48.882100, 2.308700, 0, 1),
(32, 'Villiers', 48.884000, 2.313400, 0, 1),
(33, 'Rome', 48.884500, 2.322700, 0, 1),
(34, 'Place de Clichy', 48.883900, 2.327400, 0, 1),
(35, 'Blanche', 48.882400, 2.332500, 0, 1),
(36, 'Pigalle', 48.882000, 2.337000, 0, 1),
(37, 'Anvers', 48.882900, 2.344300, 0, 1),
(38, 'Barbès-Rochechouart', 48.883700, 2.349400, 0, 1),
(39, 'La Chapelle', 48.884700, 2.359400, 0, 1),
(40, 'Stalingrad', 48.884300, 2.370400, 0, 1),
(41, 'Jaurès', 48.882900, 2.373100, 0, 1),
(42, 'Colonel Fabien', 48.876500, 2.370900, 0, 1),
(43, 'Belleville', 48.873500, 2.380600, 0, 1),
(44, 'Couronnes', 48.868400, 2.380300, 0, 1),
(45, 'Ménilmontant', 48.866700, 2.388800, 0, 1),
(46, 'Père Lachaise', 48.861800, 2.395700, 0, 1),
(47, 'Philippe Auguste', 48.859900, 2.398200, 0, 1),
(48, 'Alexandre Dumas', 48.859100, 2.402400, 0, 1),
(49, 'Avron', 48.856500, 2.406000, 0, 1),
(50, 'Nation', 48.848300, 2.395700, 0, 1),
(51, 'Pont de Levallois-Bécon', 48.896700, 2.278600, 0, 1),
(52, 'Anatole France', 48.895400, 2.284100, 0, 1),
(53, 'Louise Michel', 48.892600, 2.290200, 0, 1),
(54, 'Porte de Champerret', 48.885100, 2.287300, 0, 1),
(55, 'Pereire', 48.883100, 2.295800, 0, 1),
(56, 'Wagram', 48.884000, 2.305500, 0, 1),
(57, 'Malesherbes', 48.882200, 2.310900, 0, 1),
(58, 'Villiers', 48.884000, 2.313400, 0, 1),
(59, 'Europe', 48.876400, 2.321300, 0, 1),
(60, 'Saint-Lazare', 48.875300, 2.326400, 0, 1),
(61, 'Havre-Caumartin', 48.872900, 2.327100, 0, 1),
(62, 'Opéra', 48.870700, 2.332400, 0, 1),
(63, 'Quatre-Septembre', 48.869400, 2.336100, 0, 1),
(64, 'Bourse', 48.868000, 2.341500, 0, 1),
(65, 'Sentier', 48.867200, 2.347000, 0, 1),
(66, 'Réaumur-Sébastopol', 48.866500, 2.352600, 0, 1),
(67, 'Arts et Métiers', 48.865600, 2.355900, 0, 1),
(68, 'Temple', 48.866200, 2.362300, 0, 1),
(69, 'République', 48.867400, 2.363200, 0, 1),
(70, 'Parmentier', 48.864600, 2.379700, 0, 1),
(71, 'Rue Saint-Maur', 48.863300, 2.379000, 0, 1),
(72, 'Père Lachaise', 48.861800, 2.395700, 0, 1),
(73, 'Gambetta', 48.863400, 2.398400, 0, 1),
(74, 'Porte de Bagnolet', 48.864200, 2.414300, 0, 1),
(75, 'Gallieni', 48.866300, 2.417400, 0, 1),
(76, 'Gambetta', 48.863400, 2.398400, 0, 1),
(77, 'Pelleport', 48.870100, 2.398900, 0, 1),
(78, 'Saint-Fargeau', 48.871300, 2.402500, 0, 1),
(79, 'Porte des Lilas', 48.876300, 2.409300, 0, 1),
(80, 'Porte de Clignancourt', 48.897400, 2.344500, 0, 1),
(81, 'Simplon', 48.895600, 2.349100, 0, 1),
(82, 'Marcadet-Poissonniers', 48.892500, 2.349400, 0, 1),
(83, 'Château Rouge', 48.892100, 2.349900, 0, 1),
(84, 'Barbès-Rochechouart', 48.883700, 2.349400, 0, 1),
(85, 'Gare du Nord', 48.880900, 2.355300, 0, 1),
(86, 'Gare de l\'Est', 48.876300, 2.358600, 0, 1),
(87, 'Château d\'Eau', 48.871800, 2.355600, 0, 1),
(88, 'Strasbourg-Saint-Denis', 48.869700, 2.352400, 0, 1),
(89, 'Réaumur-Sébastopol', 48.866500, 2.352600, 0, 1),
(90, 'Étienne Marcel', 48.863400, 2.349600, 0, 1),
(91, 'Les Halles', 48.862500, 2.346900, 0, 1),
(92, 'Châtelet', 48.858600, 2.347100, 0, 1),
(93, 'Cité', 48.855100, 2.344600, 0, 1),
(94, 'Saint-Michel-Notre-Dame', 48.853000, 2.343000, 0, 1),
(95, 'Odéon', 48.853400, 2.340000, 0, 1),
(96, 'Saint-Germain-des-Prés', 48.854400, 2.333300, 0, 1),
(97, 'Saint-Sulpice', 48.852900, 2.332400, 0, 1),
(98, 'Saint-Placide', 48.849800, 2.325000, 0, 1),
(99, 'Montparnasse-Bienvenüe', 48.842200, 2.321500, 0, 1),
(100, 'Vavin', 48.842200, 2.328200, 0, 1),
(101, 'Raspail', 48.841400, 2.326200, 0, 1),
(102, 'Denfert-Rochereau', 48.834100, 2.331700, 0, 1),
(103, 'Mouton-Duvernet', 48.832500, 2.330700, 0, 1),
(104, 'Alésia', 48.828500, 2.326500, 0, 1),
(105, 'Porte d\'Orléans', 48.823500, 2.325200, 0, 1),
(106, 'Bobigny-Pablo Picasso', 48.909900, 2.439900, 0, 1),
(107, 'Bobigny-Pantin-Raymond Queneau', 48.899700, 2.426300, 0, 1),
(108, 'Église de Pantin', 48.894100, 2.413100, 0, 1),
(109, 'Hoche', 48.889700, 2.397300, 0, 1),
(110, 'Porte de Pantin', 48.889000, 2.393100, 0, 1),
(111, 'Ourcq', 48.885800, 2.382200, 0, 1),
(112, 'Laumière', 48.884200, 2.374700, 0, 1),
(113, 'Jaurès', 48.882900, 2.373100, 0, 1),
(114, 'Stalingrad', 48.884300, 2.370400, 0, 1),
(115, 'Gare du Nord', 48.880900, 2.355300, 0, 1),
(116, 'Gare de l\'Est', 48.876300, 2.358600, 0, 1),
(117, 'Jacques Bonsergent', 48.871200, 2.362300, 0, 1),
(118, 'République', 48.867400, 2.363200, 0, 1),
(119, 'Oberkampf', 48.864500, 2.367400, 0, 1),
(120, 'Richard-Lenoir', 48.861500, 2.370800, 0, 1),
(121, 'Bréguet-Sabin', 48.857800, 2.371800, 0, 1),
(122, 'Bastille', 48.853000, 2.369000, 0, 1),
(123, 'Quai de la Rapée', 48.844300, 2.371200, 0, 1),
(124, 'Gare d\'Austerlitz', 48.842200, 2.363000, 0, 1),
(125, 'Saint-Marcel', 48.841200, 2.355100, 0, 1),
(126, 'Campo-Formio', 48.837400, 2.355100, 0, 1),
(127, 'Place d\'Italie', 48.832200, 2.355800, 0, 1),
(128, 'Charles de Gaulle-Étoile', 48.873800, 2.295000, 0, 1),
(129, 'Kléber', 48.870400, 2.293000, 0, 1),
(130, 'Boissière', 48.866200, 2.293800, 0, 1),
(131, 'Trocadéro', 48.863500, 2.288400, 0, 1),
(132, 'Passy', 48.857000, 2.282100, 0, 1),
(133, 'Champ de Mars-Tour Eiffel', 48.855300, 2.298100, 0, 1),
(134, 'Dupleix', 48.848500, 2.296600, 0, 1),
(135, 'La Motte-Picquet-Grenelle', 48.846700, 2.298400, 0, 1),
(136, 'Cambronne', 48.846100, 2.302300, 0, 1),
(137, 'Sèvres-Lecourbe', 48.844400, 2.312400, 0, 1),
(138, 'Pasteur', 48.842200, 2.320500, 0, 1),
(139, 'Montparnasse-Bienvenüe', 48.842200, 2.321500, 0, 1),
(140, 'Edgar Quinet', 48.841600, 2.326500, 0, 1),
(141, 'Raspail', 48.841400, 2.326200, 0, 1),
(142, 'Denfert-Rochereau', 48.834100, 2.331700, 0, 1),
(143, 'Saint-Jacques', 48.832300, 2.336100, 0, 1),
(144, 'Glacière', 48.829900, 2.345900, 0, 1),
(145, 'Corvisart', 48.828000, 2.351800, 0, 1),
(146, 'Place d\'Italie', 48.832200, 2.355800, 0, 1),
(147, 'Nationale', 48.828900, 2.359100, 0, 1),
(148, 'Chevaleret', 48.829500, 2.368400, 0, 1),
(149, 'Quai de la Gare', 48.836400, 2.373000, 0, 1),
(150, 'Bercy', 48.840200, 2.381700, 0, 1),
(151, 'Dugommier', 48.836100, 2.388500, 0, 1),
(152, 'Daumesnil', 48.836000, 2.392300, 0, 1),
(153, 'Bel-Air', 48.835100, 2.401200, 0, 1),
(154, 'Picpus', 48.836700, 2.406500, 0, 1),
(155, 'Nation', 48.848300, 2.395700, 0, 1),
(156, 'La Courneuve-8 Mai 1945', 48.932900, 2.395000, 0, 1),
(157, 'Fort d\'Aubervilliers', 48.915600, 2.392100, 0, 1),
(158, 'Aubervilliers-Pantin-Quatre Chemins', 48.905700, 2.384400, 0, 1),
(159, 'Porte de la Villette', 48.897400, 2.388500, 0, 1),
(160, 'Corentin Cariou', 48.896400, 2.383100, 0, 1),
(161, 'Crimée', 48.891900, 2.373100, 0, 1),
(162, 'Riquet', 48.889200, 2.368500, 0, 1),
(163, 'Stalingrad', 48.884300, 2.370400, 0, 1),
(164, 'Louis Blanc', 48.882500, 2.368900, 0, 1),
(165, 'Château-Landon', 48.879600, 2.361600, 0, 1),
(166, 'Gare de l\'Est', 48.876300, 2.358600, 0, 1),
(167, 'Poissonnière', 48.878700, 2.350000, 0, 1),
(168, 'Cadet', 48.876500, 2.344400, 0, 1),
(169, 'Le Peletier', 48.874300, 2.338300, 0, 1),
(170, 'Chaussée d\'Antin-La Fayette', 48.872500, 2.331100, 0, 1),
(171, 'Opéra', 48.870700, 2.332400, 0, 1),
(172, 'Pyramides', 48.866200, 2.332200, 0, 1),
(173, 'Palais Royal-Musée du Louvre', 48.862500, 2.335600, 0, 1),
(174, 'Pont Neuf', 48.858600, 2.342500, 0, 1),
(175, 'Châtelet', 48.858600, 2.347100, 0, 1),
(176, 'Pont Marie', 48.854600, 2.356400, 0, 1),
(177, 'Sully-Morland', 48.852100, 2.360500, 0, 1),
(178, 'Jussieu', 48.847100, 2.354800, 0, 1),
(179, 'Place Monge', 48.843900, 2.355200, 0, 1),
(180, 'Censier-Daubenton', 48.841400, 2.354500, 0, 1),
(181, 'Les Gobelins', 48.837100, 2.355200, 0, 1),
(182, 'Place d\'Italie', 48.832200, 2.355800, 0, 1),
(183, 'Tolbiac', 48.827900, 2.356100, 0, 1),
(184, 'Maison Blanche', 48.823400, 2.358600, 0, 1),
(185, 'Porte d\'Italie', 48.819900, 2.364300, 0, 1),
(186, 'Porte de Choisy', 48.817200, 2.365700, 0, 1),
(187, 'Porte d\'Ivry', 48.815300, 2.370200, 0, 1),
(188, 'Pierre et Marie Curie', 48.814200, 2.376700, 0, 1),
(189, 'Mairie d\'Ivry', 48.813100, 2.379600, 0, 1),
(190, 'Louis Blanc', 48.882500, 2.368900, 0, 1),
(191, 'Jaurès', 48.882900, 2.373100, 0, 1),
(192, 'Bolivar', 48.880300, 2.377800, 0, 1),
(193, 'Buttes Chaumont', 48.878300, 2.381100, 0, 1),
(194, 'Botzaris', 48.876300, 2.389800, 0, 1),
(195, 'Place des Fêtes', 48.876100, 2.398300, 0, 1),
(196, 'Pré Saint-Gervais', 48.876500, 2.407000, 0, 1),
(197, 'Balard', 48.838300, 2.277500, 0, 1),
(198, 'Lourmel', 48.838700, 2.285000, 0, 1),
(199, 'Boucicaut', 48.839300, 2.292000, 0, 1),
(200, 'Félix Faure', 48.840800, 2.294400, 0, 1),
(201, 'Commerce', 48.846100, 2.297500, 0, 1),
(202, 'La Motte-Picquet-Grenelle', 48.846700, 2.298400, 0, 1),
(203, 'École Militaire', 48.851200, 2.306500, 0, 1),
(204, 'La Tour-Maubourg', 48.856100, 2.312600, 0, 1),
(205, 'Invalides', 48.858400, 2.312100, 0, 1),
(206, 'Concorde', 48.865600, 2.321200, 0, 1),
(207, 'Madeleine', 48.868800, 2.322500, 0, 1),
(208, 'Opéra', 48.870700, 2.332400, 0, 1),
(209, 'Richelieu-Drouot', 48.872100, 2.338300, 0, 1),
(210, 'Grands Boulevards', 48.871300, 2.344500, 0, 1),
(211, 'Bonne Nouvelle', 48.870400, 2.349200, 0, 1),
(212, 'Strasbourg-Saint-Denis', 48.869700, 2.352400, 0, 1),
(213, 'République', 48.867400, 2.363200, 0, 1),
(214, 'Filles du Calvaire', 48.862700, 2.366100, 0, 1),
(215, 'Saint-Sébastien-Froissart', 48.861100, 2.368400, 0, 1),
(216, 'Chemin Vert', 48.859100, 2.371500, 0, 1),
(217, 'Bastille', 48.853000, 2.369000, 0, 1),
(218, 'Ledru-Rollin', 48.851700, 2.371800, 0, 1),
(219, 'Faidherbe-Chaligny', 48.849700, 2.379200, 0, 1),
(220, 'Reuilly-Diderot', 48.848000, 2.386000, 0, 1),
(221, 'Montgallet', 48.846600, 2.389200, 0, 1),
(222, 'Daumesnil', 48.836000, 2.392300, 0, 1),
(223, 'Michel Bizot', 48.834600, 2.398800, 0, 1),
(224, 'Porte Dorée', 48.836100, 2.407200, 0, 1),
(225, 'Porte de Charenton', 48.826500, 2.407800, 0, 1),
(226, 'Liberté', 48.815300, 2.410200, 0, 1),
(227, 'Charenton-Écoles', 48.812100, 2.417000, 0, 1),
(228, 'École Vétérinaire de Maisons-Alfort', 48.805200, 2.425600, 0, 1),
(229, 'Maisons-Alfort-Stade', 48.798600, 2.432500, 0, 1),
(230, 'Maisons-Alfort-Les Juilliottes', 48.791900, 2.438100, 0, 1),
(231, 'Créteil-L\'Échat', 48.787100, 2.446000, 0, 1),
(232, 'Créteil-Université', 48.782200, 2.453100, 0, 1),
(233, 'Créteil-Préfecture', 48.776800, 2.460400, 0, 1),
(234, 'Pont de Sèvres', 48.823600, 2.233600, 0, 1),
(235, 'Billancourt', 48.835100, 2.241900, 0, 1),
(236, 'Marcel Sembat', 48.834500, 2.244500, 0, 1),
(237, 'Porte de Saint-Cloud', 48.836900, 2.256300, 0, 1),
(238, 'Exelmans', 48.837300, 2.268700, 0, 1),
(239, 'Michel-Ange-Molitor', 48.844000, 2.264700, 0, 1),
(240, 'Michel-Ange-Auteuil', 48.844500, 2.260500, 0, 1),
(241, 'Jasmin', 48.846400, 2.266800, 0, 1),
(242, 'Ranelagh', 48.856100, 2.269900, 0, 1),
(243, 'La Muette', 48.863200, 2.276300, 0, 1),
(244, 'Rue de la Pompe', 48.864600, 2.279700, 0, 1),
(245, 'Trocadéro', 48.863500, 2.288400, 0, 1),
(246, 'Iéna', 48.864400, 2.293100, 0, 1),
(247, 'Alma-Marceau', 48.864000, 2.300800, 0, 1),
(248, 'Franklin D. Roosevelt', 48.870700, 2.308600, 0, 1),
(249, 'Saint-Philippe du Roule', 48.871500, 2.314800, 0, 1),
(250, 'Miromesnil', 48.874400, 2.316300, 0, 1),
(251, 'Saint-Augustin', 48.875500, 2.319500, 0, 1),
(252, 'Havre-Caumartin', 48.872900, 2.327100, 0, 1),
(253, 'Chaussée d\'Antin-La Fayette', 48.872500, 2.331100, 0, 1),
(254, 'Richelieu-Drouot', 48.872100, 2.338300, 0, 1),
(255, 'Grands Boulevards', 48.871300, 2.344500, 0, 1),
(256, 'Bonne Nouvelle', 48.870400, 2.349200, 0, 1),
(257, 'Strasbourg-Saint-Denis', 48.869700, 2.352400, 0, 1),
(258, 'République', 48.867400, 2.363200, 0, 1),
(259, 'Oberkampf', 48.863900, 2.370800, 0, 1),
(260, 'Saint-Ambroise', 48.861300, 2.374200, 0, 1),
(261, 'Voltaire', 48.859100, 2.380500, 0, 1),
(262, 'Charonne', 48.853500, 2.383300, 0, 1),
(263, 'Rue des Boulets', 48.851500, 2.388900, 0, 1),
(264, 'Nation', 48.848300, 2.395700, 0, 1),
(265, 'Buzenval', 48.849800, 2.406500, 0, 1),
(266, 'Maraîchers', 48.854000, 2.409400, 0, 1),
(267, 'Porte de Montreuil', 48.856600, 2.415300, 0, 1),
(268, 'Robespierre', 48.857800, 2.426600, 0, 1),
(269, 'Croix de Chavaux', 48.860500, 2.439100, 0, 1),
(270, 'Mairie de Montreuil', 48.862500, 2.441400, 0, 1),
(271, 'Boulogne-Pont de Saint-Cloud', 48.841500, 2.231500, 0, 1),
(272, 'Boulogne-Jean Jaurès', 48.839000, 2.239000, 0, 1),
(273, 'Porte d\'Auteuil', 48.841400, 2.255400, 0, 1),
(274, 'Michel-Ange-Auteuil', 48.844500, 2.260500, 0, 1),
(275, 'Église d\'Auteuil', 48.845800, 2.266100, 0, 1),
(276, 'Javel-André Citroën', 48.839200, 2.278800, 0, 1),
(277, 'Charles Michels', 48.847000, 2.286800, 0, 1),
(278, 'Avenue Émile Zola', 48.847500, 2.294300, 0, 1),
(279, 'La Motte-Picquet-Grenelle', 48.846700, 2.298400, 0, 1),
(280, 'Ségur', 48.847300, 2.309000, 0, 1),
(281, 'Duroc', 48.846400, 2.312600, 0, 1),
(282, 'Vaneau', 48.847100, 2.319600, 0, 1),
(283, 'Sèvres-Babylone', 48.850500, 2.322000, 0, 1),
(284, 'Mabillon', 48.852300, 2.334200, 0, 1),
(285, 'Odéon', 48.853400, 2.340000, 0, 1),
(286, 'Cluny-La Sorbonne', 48.851500, 2.343000, 0, 1),
(287, 'Maubert-Mutualité', 48.850000, 2.347000, 0, 1),
(288, 'Cardinal Lemoine', 48.847000, 2.351100, 0, 1),
(289, 'Jussieu', 48.847100, 2.354800, 0, 1),
(290, 'Gare d\'Austerlitz', 48.842200, 2.363000, 0, 1),
(291, 'Châtelet', 48.858600, 2.347100, 0, 1),
(292, 'Hôtel de Ville', 48.856600, 2.352200, 0, 1),
(293, 'Rambuteau', 48.861000, 2.352800, 0, 1),
(294, 'Arts et Métiers', 48.865600, 2.355900, 0, 1),
(295, 'République', 48.867400, 2.363200, 0, 1),
(296, 'Goncourt', 48.870900, 2.370700, 0, 1),
(297, 'Belleville', 48.873500, 2.380600, 0, 1),
(298, 'Pyrénées', 48.877600, 2.388200, 0, 1),
(299, 'Jourdain', 48.877900, 2.392900, 0, 1),
(300, 'Place des Fêtes', 48.876100, 2.398300, 0, 1),
(301, 'Télégraphe', 48.877500, 2.404300, 0, 1),
(302, 'Porte des Lilas', 48.876300, 2.409300, 0, 1),
(303, 'Mairie des Lilas', 48.880200, 2.415500, 0, 1),
(304, 'Porte de la Chapelle', 48.897500, 2.359300, 0, 1),
(305, 'Marx Dormoy', 48.895200, 2.359500, 0, 1),
(306, 'Marcadet-Poissonniers', 48.892500, 2.349400, 0, 1),
(307, 'Jules Joffrin', 48.892300, 2.344200, 0, 1),
(308, 'Lamarck-Caulaincourt', 48.888900, 2.338700, 0, 1),
(309, 'Abbesses', 48.884200, 2.338300, 0, 1),
(310, 'Pigalle', 48.882000, 2.337000, 0, 1),
(311, 'Saint-Georges', 48.878600, 2.337500, 0, 1),
(312, 'Notre-Dame-de-Lorette', 48.874600, 2.338200, 0, 1),
(313, 'Trinité-d\'Estienne d\'Orves', 48.876200, 2.332500, 0, 1),
(314, 'Saint-Lazare', 48.875300, 2.326400, 0, 1),
(315, 'Madeleine', 48.868800, 2.322500, 0, 1),
(316, 'Concorde', 48.865600, 2.321200, 0, 1),
(317, 'Assemblée nationale', 48.862500, 2.318800, 0, 1),
(318, 'Solférino', 48.858600, 2.322200, 0, 1),
(319, 'Rue du Bac', 48.855600, 2.326400, 0, 1),
(320, 'Sèvres-Babylone', 48.850500, 2.322000, 0, 1),
(321, 'Rennes', 48.846100, 2.326600, 0, 1),
(322, 'Notre-Dame-des-Champs', 48.843800, 2.328500, 0, 1),
(323, 'Montparnasse-Bienvenüe', 48.842200, 2.321500, 0, 1),
(324, 'Falguière', 48.841400, 2.316600, 0, 1),
(325, 'Pasteur', 48.842200, 2.320500, 0, 1),
(326, 'Volontaires', 48.841100, 2.312500, 0, 1),
(327, 'Vaugirard', 48.839100, 2.310400, 0, 1),
(328, 'Convention', 48.837300, 2.303100, 0, 1),
(329, 'Porte de Versailles', 48.832000, 2.288800, 0, 1),
(330, 'Corentin Celton', 48.828300, 2.272900, 0, 1),
(331, 'Mairie d\'Issy', 48.821000, 2.273000, 0, 1),
(332, 'Saint-Denis-Université', 48.936200, 2.357400, 0, 1),
(333, 'Basilique de Saint-Denis', 48.936500, 2.360300, 0, 1),
(334, 'Saint-Denis-Porte de Paris', 48.930600, 2.351500, 0, 1),
(335, 'Carrefour Pleyel', 48.914900, 2.333200, 0, 1),
(336, 'Mairie de Saint-Ouen', 48.911500, 2.333500, 0, 1),
(337, 'Garibaldi', 48.908400, 2.334300, 0, 1),
(338, 'Porte de Saint-Ouen', 48.898900, 2.329200, 0, 1),
(339, 'Guy Môquet', 48.893100, 2.326300, 0, 1),
(340, 'La Fourche', 48.885200, 2.326400, 0, 1),
(341, 'Place de Clichy', 48.883900, 2.327400, 0, 1),
(342, 'Liège', 48.878100, 2.326500, 0, 1),
(343, 'Saint-Lazare', 48.875300, 2.326400, 0, 1),
(344, 'Miromesnil', 48.874400, 2.316300, 0, 1),
(345, 'Champs-Élysées-Clemenceau', 48.868200, 2.313400, 0, 1),
(346, 'Invalides', 48.858400, 2.312100, 0, 1),
(347, 'Varenne', 48.855400, 2.316900, 0, 1),
(348, 'Saint-François-Xavier', 48.851300, 2.312800, 0, 1),
(349, 'Duroc', 48.846400, 2.312600, 0, 1),
(350, 'Montparnasse-Bienvenüe', 48.842200, 2.321500, 0, 1),
(351, 'Gaîté', 48.839700, 2.323400, 0, 1),
(352, 'Pernety', 48.835200, 2.321900, 0, 1),
(353, 'Plaisance', 48.832500, 2.316800, 0, 1),
(354, 'Porte de Vanves', 48.823600, 2.303000, 0, 1),
(355, 'Malakoff-Plateau de Vanves', 48.819100, 2.299200, 0, 1),
(356, 'Malakoff-Rue Etienne Dolet', 48.813800, 2.304100, 0, 1),
(357, 'Châtillon-Montrouge', 48.806000, 2.299500, 0, 1),
(358, 'Saint-Lazare', 48.875300, 2.326400, 0, 1),
(359, 'Madeleine', 48.868800, 2.322500, 0, 1),
(360, 'Pyramides', 48.866200, 2.332200, 0, 1),
(361, 'Châtelet', 48.858600, 2.347100, 0, 1),
(362, 'Gare de Lyon', 48.844000, 2.374700, 0, 1),
(363, 'Bercy', 48.840200, 2.381700, 0, 1),
(364, 'Cour Saint-Émilion', 48.833500, 2.387900, 0, 1),
(365, 'Bibliothèque François Mitterrand', 48.829900, 2.375400, 0, 1),
(366, 'Olympiades', 48.826100, 2.363100, 0, 1),
(367, 'Gare Saint-Denis', 48.936200, 2.357400, 0, 1),
(368, 'Théâtre Gérard Philipe', 48.936900, 2.360000, 0, 1),
(369, 'Marché de Saint-Denis', 48.936500, 2.361500, 0, 1),
(370, 'Basilique de Saint-Denis', 48.936500, 2.360300, 0, 1),
(371, 'Cimetière de Saint-Denis', 48.938000, 2.358100, 0, 1),
(372, 'Hôpital Delafontaine', 48.939000, 2.350200, 0, 1),
(373, 'Cosmonautes', 48.942200, 2.348300, 0, 1),
(374, 'La Courneuve-Six Routes', 48.947200, 2.360700, 0, 1),
(375, 'Hôtel de Ville de La Courneuve', 48.932100, 2.360000, 0, 1),
(376, 'Stade Géo André', 48.931000, 2.365000, 0, 1),
(377, 'Danton', 48.928500, 2.364000, 0, 1),
(378, 'La Courneuve-8 Mai 1945', 48.932900, 2.395000, 0, 1),
(379, 'Maurice Lachâtre', 48.929500, 2.400100, 0, 1),
(380, 'Drancy-Avenir', 48.921100, 2.405500, 0, 1),
(381, 'Hôpital Avicenne', 48.918400, 2.410500, 0, 1),
(382, 'Gaston Roulaud', 48.914700, 2.416100, 0, 1),
(383, 'Escadrille Normandie-Niémen', 48.913000, 2.420100, 0, 1),
(384, 'La Ferme', 48.910500, 2.423000, 0, 1),
(385, 'Libération', 48.905000, 2.426000, 0, 1),
(386, 'Hôtel de Ville de Bobigny', 48.909500, 2.439900, 0, 1),
(387, 'Bobigny-Pablo Picasso', 48.909900, 2.439900, 0, 1),
(388, 'Jean Rostand', 48.907500, 2.442100, 0, 1),
(389, 'Auguste Delaune', 48.904400, 2.448200, 0, 1),
(390, 'Pont de Bondy', 48.900500, 2.459500, 0, 1),
(391, 'Petit Noisy', 48.897000, 2.462200, 0, 1),
(392, 'Noisy-le-Sec', 48.890300, 2.468700, 0, 1),
(393, 'La Défense', 48.892500, 2.235000, 0, 1),
(394, 'Puteaux', 48.884700, 2.238700, 0, 1),
(395, 'Belvédère', 48.877800, 2.242600, 0, 1),
(396, 'Suresnes-Longchamp', 48.870900, 2.242000, 0, 1),
(397, 'Les Coteaux', 48.863900, 2.231200, 0, 1),
(398, 'Les Milons', 48.856800, 2.229000, 0, 1),
(399, 'Parc de Saint-Cloud', 48.845600, 2.217200, 0, 1),
(400, 'Musée de Sèvres', 48.826300, 2.222100, 0, 1),
(401, 'Brimborion', 48.823200, 2.229100, 0, 1),
(402, 'Meudon-sur-Seine', 48.818400, 2.235700, 0, 1),
(403, 'Les Moulineaux', 48.815500, 2.245100, 0, 1),
(404, 'Jacques-Henri Lartigue', 48.811200, 2.256100, 0, 1),
(405, 'Issy-Val de Seine', 48.815700, 2.258500, 0, 1),
(406, 'Balard', 48.838300, 2.277500, 0, 1),
(407, 'Porte de Versailles', 48.832000, 2.288800, 0, 1),
(408, 'Pont du Garigliano', 48.838100, 2.270900, 0, 1),
(409, 'Balard', 48.838300, 2.277500, 0, 1),
(410, 'Desnouettes', 48.835200, 2.284100, 0, 1),
(411, 'Porte de Versailles', 48.832000, 2.288800, 0, 1),
(412, 'Georges Brassens', 48.831300, 2.303200, 0, 1),
(413, 'Brancion', 48.828700, 2.304800, 0, 1),
(414, 'Porte de Vanves', 48.823600, 2.303000, 0, 1),
(415, 'Didot', 48.827100, 2.314400, 0, 1),
(416, 'Jean Moulin', 48.822700, 2.326700, 0, 1),
(417, 'Porte d\'Orléans', 48.823500, 2.325200, 0, 1),
(418, 'Montsouris', 48.821000, 2.339400, 0, 1),
(419, 'Cité universitaire', 48.819400, 2.341100, 0, 1),
(420, 'Stade Charléty', 48.817200, 2.347900, 0, 1),
(421, 'Poterne des Peupliers', 48.817700, 2.354100, 0, 1),
(422, 'Porte d\'Italie', 48.819900, 2.364300, 0, 1),
(423, 'Porte de Choisy', 48.817200, 2.365700, 0, 1),
(424, 'Porte d\'Ivry', 48.815300, 2.370200, 0, 1),
(425, 'Bibliothèque François Mitterrand', 48.829900, 2.375400, 0, 1),
(426, 'Porte de Charenton', 48.826500, 2.407800, 0, 1),
(427, 'Porte Dorée', 48.836100, 2.407200, 0, 1),
(428, 'Montempoivre', 48.835000, 2.419300, 0, 1),
(429, 'Porte de Vincennes', 48.847000, 2.409800, 0, 1),
(430, 'La Défense', 48.892500, 2.235000, 0, 1),
(431, 'Charles de Gaulle-Étoile', 48.873800, 2.295000, 0, 1),
(432, 'Auber', 48.872200, 2.328100, 0, 1),
(433, 'Châtelet-Les Halles', 48.860600, 2.347000, 0, 1),
(434, 'Gare de Lyon', 48.844000, 2.374700, 0, 1),
(435, 'Nation', 48.848300, 2.395700, 0, 1),
(436, 'Gare du Nord', 48.880900, 2.355300, 0, 1),
(437, 'Châtelet-Les Halles', 48.860600, 2.347000, 0, 1),
(438, 'Saint-Michel-Notre-Dame', 48.853000, 2.343000, 0, 1),
(439, 'Luxembourg', 48.846200, 2.343000, 0, 1),
(440, 'Port-Royal', 48.841600, 2.338700, 0, 1),
(441, 'Denfert-Rochereau', 48.834100, 2.331700, 0, 1),
(442, 'Cité Universitaire', 48.819400, 2.341100, 0, 1),
(443, 'Gare du Nord', 48.880900, 2.355300, 0, 1),
(444, 'Châtelet-Les Halles', 48.860600, 2.347000, 0, 1),
(445, 'Gare de Lyon', 48.844000, 2.374700, 0, 1),
(446, 'Saint-Lazare', 48.875300, 2.326400, 0, 1),
(447, 'Gare du Nord', 48.880900, 2.355300, 0, 1);

-- --------------------------------------------------------

--
-- Structure de la table `arret_rues`
--

CREATE TABLE `arret_rues` (
  `id` int(11) NOT NULL,
  `rue_id` int(11) NOT NULL,
  `arret_id` int(11) NOT NULL,
  `ordre` int(11) NOT NULL
) ENGINE=InnoDB DEFAULT CHARSET=utf8mb4 COLLATE=utf8mb4_general_ci;

--
-- Déchargement des données de la table `arret_rues`
--

INSERT INTO `arret_rues` (`id`, `rue_id`, `arret_id`, `ordre`) VALUES
(1, 1, 1, 1),
(2, 1, 2, 2),
(3, 1, 3, 3),
(4, 1, 4, 4),
(5, 1, 5, 5),
(6, 1, 6, 6),
(7, 1, 7, 7),
(8, 1, 8, 8),
(9, 1, 9, 9),
(10, 1, 10, 10),
(11, 1, 11, 11),
(12, 1, 12, 12),
(13, 1, 13, 13),
(14, 1, 14, 14),
(15, 1, 15, 15),
(16, 1, 16, 16),
(17, 1, 17, 17),
(18, 1, 18, 18),
(19, 1, 19, 19),
(20, 1, 20, 20),
(21, 1, 21, 21),
(22, 1, 22, 22),
(23, 1, 23, 23),
(24, 1, 24, 24),
(25, 1, 25, 25),
(26, 2, 26, 1),
(27, 2, 27, 2),
(28, 2, 28, 3),
(29, 2, 29, 4),
(30, 2, 30, 5),
(31, 2, 31, 6),
(32, 2, 32, 7),
(33, 2, 33, 8),
(34, 2, 34, 9),
(35, 2, 35, 10),
(36, 2, 36, 11),
(37, 2, 37, 12),
(38, 2, 38, 13),
(39, 2, 39, 14),
(40, 2, 40, 15),
(41, 2, 41, 16),
(42, 2, 42, 17),
(43, 2, 43, 18),
(44, 2, 44, 19),
(45, 2, 45, 20),
(46, 2, 46, 21),
(47, 2, 47, 22),
(48, 2, 48, 23),
(49, 2, 49, 24),
(50, 2, 50, 25),
(51, 3, 51, 1),
(52, 3, 52, 2),
(53, 3, 53, 3),
(54, 3, 54, 4),
(55, 3, 55, 5),
(56, 3, 56, 6),
(57, 3, 57, 7),
(58, 3, 58, 8),
(59, 3, 59, 9),
(60, 3, 60, 10),
(61, 3, 61, 11),
(62, 3, 62, 12),
(63, 3, 63, 13),
(64, 3, 64, 14),
(65, 3, 65, 15),
(66, 3, 66, 16),
(67, 3, 67, 17),
(68, 3, 68, 18),
(69, 3, 69, 19),
(70, 3, 70, 20),
(71, 3, 71, 21),
(72, 3, 72, 22),
(73, 3, 73, 23),
(74, 3, 74, 24),
(75, 3, 75, 25),
(76, 4, 73, 1),
(77, 4, 76, 2),
(78, 4, 77, 3),
(79, 4, 78, 4),
(80, 5, 79, 1),
(81, 5, 80, 2),
(82, 5, 81, 3),
(83, 5, 82, 4),
(84, 5, 38, 5),
(85, 5, 1, 6),
(86, 5, 83, 7),
(87, 5, 84, 8),
(88, 5, 85, 9),
(89, 5, 66, 10),
(90, 5, 86, 11),
(91, 5, 87, 12),
(92, 5, 15, 13),
(93, 5, 88, 14),
(94, 5, 16, 15),
(95, 5, 89, 16),
(96, 5, 90, 17),
(97, 5, 91, 18),
(98, 5, 92, 19),
(99, 5, 93, 20),
(100, 5, 94, 21),
(101, 5, 95, 22),
(102, 5, 96, 23),
(103, 5, 97, 24),
(104, 5, 98, 25),
(105, 5, 99, 26),
(106, 6, 100, 1),
(107, 6, 101, 2),
(108, 6, 102, 3),
(109, 6, 103, 4),
(110, 6, 104, 5),
(111, 6, 105, 6),
(112, 6, 106, 7),
(113, 6, 41, 8),
(114, 6, 40, 9),
(115, 6, 1, 10),
(116, 6, 83, 11),
(117, 6, 107, 12),
(118, 6, 69, 13),
(119, 6, 108, 14),
(120, 6, 109, 15),
(121, 6, 110, 16),
(122, 6, 18, 17),
(123, 6, 111, 18),
(124, 6, 19, 19),
(125, 6, 112, 20),
(126, 6, 113, 21),
(127, 6, 114, 22),
(128, 7, 7, 1),
(129, 7, 115, 2),
(130, 7, 116, 3),
(131, 7, 117, 4),
(132, 7, 118, 5),
(133, 7, 119, 6),
(134, 7, 120, 7),
(135, 7, 121, 8),
(136, 7, 122, 9),
(137, 7, 123, 10),
(138, 7, 124, 11),
(139, 7, 93, 12),
(140, 7, 125, 13),
(141, 7, 95, 14),
(142, 7, 96, 15),
(143, 7, 126, 16),
(144, 7, 127, 17),
(145, 7, 128, 18),
(146, 7, 114, 19),
(147, 7, 129, 20),
(148, 7, 130, 21),
(149, 7, 111, 22),
(150, 7, 20, 23),
(151, 7, 131, 24),
(152, 7, 132, 25),
(153, 7, 133, 26),
(154, 7, 134, 27),
(155, 7, 21, 28),
(156, 8, 135, 1),
(157, 8, 136, 2),
(158, 8, 137, 3),
(159, 8, 138, 4),
(160, 8, 139, 5),
(161, 8, 140, 6),
(162, 8, 141, 7),
(163, 8, 40, 8),
(164, 8, 142, 9),
(165, 8, 143, 10),
(166, 8, 83, 11),
(167, 8, 144, 12),
(168, 8, 145, 13),
(169, 8, 146, 14),
(170, 8, 147, 15),
(171, 8, 62, 16),
(172, 8, 148, 17),
(173, 8, 13, 18),
(174, 8, 149, 19),
(175, 8, 15, 20),
(176, 8, 150, 21),
(177, 8, 151, 22),
(178, 8, 152, 23),
(179, 8, 153, 24),
(180, 8, 154, 25),
(181, 8, 155, 26),
(182, 8, 114, 27),
(183, 8, 156, 28),
(184, 8, 157, 29),
(185, 8, 98, 30),
(186, 8, 158, 31),
(187, 8, 159, 32),
(188, 8, 160, 33),
(189, 8, 161, 34),
(190, 9, 142, 1),
(191, 9, 41, 2),
(192, 9, 162, 3),
(193, 9, 163, 4),
(194, 9, 164, 5),
(195, 9, 165, 6),
(196, 9, 166, 7),
(197, 10, 120, 1),
(198, 10, 167, 2),
(199, 10, 168, 3),
(200, 10, 169, 4),
(201, 10, 170, 5),
(202, 10, 121, 6),
(203, 10, 171, 7),
(204, 10, 172, 8),
(205, 10, 10, 9),
(206, 10, 11, 10),
(207, 10, 61, 11),
(208, 10, 62, 12),
(209, 10, 173, 13),
(210, 10, 174, 14),
(211, 10, 175, 15),
(212, 10, 85, 16),
(213, 10, 69, 17),
(214, 10, 176, 18),
(215, 10, 177, 19),
(216, 10, 178, 20),
(217, 10, 18, 21),
(218, 10, 179, 22),
(219, 10, 180, 23),
(220, 10, 20, 24),
(221, 10, 181, 25),
(222, 10, 132, 26),
(223, 10, 182, 27),
(224, 10, 183, 28),
(225, 10, 184, 29),
(226, 10, 185, 30),
(227, 10, 186, 31),
(228, 10, 187, 32),
(229, 10, 188, 33),
(230, 10, 189, 34),
(231, 10, 190, 35),
(232, 10, 191, 36),
(233, 10, 192, 37),
(234, 11, 193, 1),
(235, 11, 194, 2),
(236, 11, 195, 3),
(237, 11, 196, 4),
(238, 11, 197, 5),
(239, 11, 198, 6),
(240, 11, 199, 7),
(241, 11, 200, 8),
(242, 11, 201, 9),
(243, 11, 202, 10),
(244, 11, 203, 11),
(245, 11, 117, 12),
(246, 11, 204, 13),
(247, 11, 205, 14),
(248, 11, 9, 15),
(249, 11, 206, 16),
(250, 11, 207, 17),
(251, 11, 208, 18),
(252, 11, 61, 19),
(253, 11, 147, 20),
(254, 11, 173, 21),
(255, 11, 174, 22),
(256, 11, 175, 23),
(257, 11, 85, 24),
(258, 11, 69, 25),
(259, 11, 108, 26),
(260, 11, 209, 27),
(261, 11, 210, 28),
(262, 11, 211, 29),
(263, 11, 212, 30),
(264, 11, 21, 31),
(265, 11, 213, 32),
(266, 11, 214, 33),
(267, 11, 215, 34),
(268, 11, 216, 35),
(269, 11, 217, 36),
(270, 11, 218, 37),
(271, 12, 219, 1),
(272, 12, 220, 2),
(273, 12, 196, 3),
(274, 12, 199, 4),
(275, 12, 221, 5),
(276, 12, 222, 6),
(277, 12, 223, 7),
(278, 12, 224, 8),
(279, 12, 121, 9),
(280, 12, 225, 10),
(281, 12, 226, 11),
(282, 12, 227, 12),
(283, 12, 228, 13),
(284, 12, 229, 14),
(285, 12, 89, 15),
(286, 12, 230, 16),
(287, 12, 231, 17),
(288, 12, 232, 18),
(289, 12, 152, 19),
(290, 12, 19, 20),
(291, 13, 15, 1),
(292, 13, 16, 2),
(293, 13, 233, 3),
(294, 13, 67, 4),
(295, 13, 69, 5),
(296, 13, 234, 6),
(297, 13, 43, 7),
(298, 13, 235, 8),
(299, 13, 236, 9),
(300, 13, 165, 10),
(301, 13, 237, 11),
(302, 13, 78, 12),
(303, 13, 238, 13),
(304, 14, 239, 1),
(305, 14, 240, 2),
(306, 14, 81, 3),
(307, 14, 241, 4),
(308, 14, 242, 5),
(309, 14, 243, 6),
(310, 14, 36, 7),
(311, 14, 244, 8),
(312, 14, 245, 9),
(313, 14, 246, 10),
(314, 14, 60, 11),
(315, 14, 61, 12),
(316, 14, 11, 13),
(317, 14, 247, 14),
(318, 14, 248, 15),
(319, 14, 249, 16),
(320, 14, 228, 17),
(321, 14, 250, 18),
(322, 14, 251, 19),
(323, 14, 93, 20),
(324, 14, 125, 21),
(325, 14, 124, 22),
(326, 14, 252, 23),
(327, 14, 253, 24),
(328, 14, 254, 25),
(329, 14, 120, 26),
(330, 14, 255, 27),
(331, 14, 256, 28),
(332, 15, 257, 1),
(333, 15, 258, 2),
(334, 15, 259, 3),
(335, 15, 260, 4),
(336, 15, 261, 5),
(337, 15, 262, 6),
(338, 15, 263, 7),
(339, 15, 264, 8),
(340, 15, 265, 9),
(341, 15, 34, 10),
(342, 15, 266, 11),
(343, 15, 60, 12),
(344, 15, 207, 13),
(345, 15, 10, 14),
(346, 15, 10, 15),
(347, 15, 267, 16),
(348, 15, 268, 17),
(349, 15, 226, 18),
(350, 15, 93, 19),
(351, 15, 269, 20),
(352, 15, 270, 21),
(353, 15, 271, 22),
(354, 15, 272, 23),
(355, 15, 273, 24),
(356, 15, 274, 25),
(357, 15, 275, 26),
(358, 16, 60, 1),
(359, 16, 61, 2),
(360, 16, 148, 3),
(361, 16, 15, 4),
(362, 16, 19, 5),
(363, 16, 20, 6),
(364, 16, 276, 7),
(365, 16, 277, 8),
(366, 16, 278, 9),
(367, 17, 279, 1),
(368, 17, 280, 2),
(369, 17, 281, 3),
(370, 17, 258, 4),
(371, 17, 282, 5),
(372, 17, 283, 6),
(373, 17, 284, 7),
(374, 17, 285, 8),
(375, 17, 286, 9),
(376, 17, 287, 10),
(377, 17, 288, 11),
(378, 17, 135, 12),
(379, 17, 289, 13),
(380, 17, 290, 14),
(381, 17, 291, 15),
(382, 17, 292, 16),
(383, 17, 293, 17),
(384, 17, 294, 18),
(385, 17, 295, 19),
(386, 17, 296, 20),
(387, 17, 100, 21),
(388, 17, 297, 22),
(389, 17, 298, 23),
(390, 17, 299, 24),
(391, 17, 300, 25),
(392, 17, 301, 26),
(393, 18, 1, 1),
(394, 18, 302, 2),
(395, 18, 303, 3),
(396, 18, 304, 4),
(397, 18, 305, 5),
(398, 18, 306, 6),
(399, 18, 307, 7),
(400, 18, 308, 8),
(401, 18, 309, 9),
(402, 18, 310, 10),
(403, 18, 311, 11),
(404, 18, 312, 12),
(405, 18, 313, 13),
(406, 18, 120, 14),
(407, 18, 120, 15),
(408, 19, 314, 1),
(409, 19, 120, 2),
(410, 19, 315, 3),
(411, 19, 120, 4),
(412, 19, 316, 5),
(413, 19, 317, 6),
(414, 19, 272, 7),
(415, 19, 318, 8),
(416, 19, 319, 9),
(417, 19, 99, 10),
(418, 19, 320, 11),
(419, 19, 321, 12),
(420, 19, 322, 13),
(421, 19, 323, 14),
(422, 19, 98, 15),
(423, 19, 158, 16),
(424, 19, 159, 17),
(425, 19, 277, 18),
(426, 19, 184, 19),
(427, 19, 183, 20),
(428, 19, 324, 21),
(429, 19, 99, 22),
(430, 20, 1, 1),
(431, 20, 7, 2),
(432, 20, 325, 3),
(433, 20, 326, 4),
(434, 20, 19, 5),
(435, 20, 21, 6),
(436, 21, 1, 1),
(437, 21, 326, 2),
(438, 21, 16, 3),
(439, 21, 327, 4),
(440, 21, 328, 5),
(441, 21, 96, 6),
(442, 21, 321, 7),
(443, 22, 329, 1),
(444, 22, 55, 2),
(445, 22, 5, 3),
(446, 22, 330, 4),
(447, 22, 331, 5),
(448, 22, 202, 6),
(449, 22, 332, 7),
(450, 22, 119, 8),
(451, 22, 333, 9),
(452, 22, 10, 10),
(453, 22, 334, 11),
(454, 22, 16, 12),
(455, 22, 19, 13),
(456, 22, 277, 14),
(457, 23, 1, 1),
(458, 23, 326, 2),
(459, 23, 19, 3),
(460, 24, 60, 1),
(461, 24, 1, 2);

-- --------------------------------------------------------

--
-- Structure de la table `etat_arrets`
--

CREATE TABLE `etat_arrets` (
  `id` int(11) NOT NULL,
  `arret_id` int(11) NOT NULL,
  `tournee_id` int(11) NOT NULL,
  `date_traitement` date DEFAULT NULL,
  `heure_traitement` time DEFAULT NULL
) ENGINE=InnoDB DEFAULT CHARSET=utf8mb4 COLLATE=utf8mb4_general_ci;

-- --------------------------------------------------------

--
-- Structure de la table `etat_rues`
--

CREATE TABLE `etat_rues` (
  `id` int(11) NOT NULL,
  `rue_id` int(11) NOT NULL,
  `tournee_id` int(11) NOT NULL,
  `date_traitement` date DEFAULT NULL,
  `heure_traitement` time DEFAULT NULL
) ENGINE=InnoDB DEFAULT CHARSET=utf8mb4 COLLATE=utf8mb4_general_ci;

-- --------------------------------------------------------

--
-- Structure de la table `incidents`
--

CREATE TABLE `incidents` (
  `id` int(11) NOT NULL,
  `tournee_id` int(11) DEFAULT NULL,
  `type_incident` varchar(100) NOT NULL,
  `date` date NOT NULL,
  `heure` time NOT NULL,
  `description` text DEFAULT NULL
) ENGINE=InnoDB DEFAULT CHARSET=utf8mb4 COLLATE=utf8mb4_general_ci;

-- --------------------------------------------------------

--
-- Structure de la table `points_passage`
--

CREATE TABLE `points_passage` (
  `id` int(11) NOT NULL,
  `tournee_id` int(11) NOT NULL,
  `arret_id` int(11) NOT NULL,
  `ordre_passage` int(11) NOT NULL,
  `heure_passage` time DEFAULT NULL
) ENGINE=InnoDB DEFAULT CHARSET=utf8mb4 COLLATE=utf8mb4_general_ci;

-- --------------------------------------------------------

--
-- Structure de la table `roles`
--

CREATE TABLE `roles` (
  `id` int(11) NOT NULL,
  `nom` varchar(50) NOT NULL
) ENGINE=InnoDB DEFAULT CHARSET=utf8mb4 COLLATE=utf8mb4_general_ci;

--
-- Déchargement des données de la table `roles`
--

INSERT INTO `roles` (`id`, `nom`) VALUES
(1, 'administrateur'),
(3, 'cycliste'),
(4, 'gestionnaire de réseau'),
(2, 'RH');

-- --------------------------------------------------------

--
-- Structure de la table `rues`
--

CREATE TABLE `rues` (
  `id` int(11) NOT NULL,
  `libelle` varchar(255) NOT NULL
) ENGINE=InnoDB DEFAULT CHARSET=utf8mb4 COLLATE=utf8mb4_general_ci;

--
-- Déchargement des données de la table `rues`
--

INSERT INTO `rues` (`id`, `libelle`) VALUES
(1, 'Rue Croix-Baragnon'),
(2, 'Rue des Arts'),
(3, 'Rue Pargaminières'),
(4, 'Rue Saint-Rome'),
(5, 'Rue Saint-Antoine du T'),
(6, 'Rue de la Fonderie'),
(7, 'Rue Peyrolières'),
(8, 'Rue Genty-Magre'),
(9, 'Rue d\'Alsace-Lorraine'),
(10, 'Rue Peyras'),
(11, 'Rue du Taur'),
(12, 'Allée Jean Jaurès'),
(13, 'Rue du May'),
(14, 'Rue des Filatiers'),
(15, 'Rue Mage'),
(16, 'Rue d\'Espinasse'),
(17, 'Rue des Gestes'),
(18, 'Quai de la Daurade'),
(19, 'Rue Bédelières'),
(20, 'Rue Merlane'),
(21, 'Rue Vélane'),
(22, 'Rue Etroite'),
(23, 'Rue des Tourneurs'),
(24, 'Rue de la Trinité');

-- --------------------------------------------------------

--
-- Structure de la table `tournees`
--

CREATE TABLE `tournees` (
  `id` int(11) NOT NULL,
  `date` date NOT NULL,
  `cycliste_id` int(11) DEFAULT NULL,
  `velo_id` int(11) DEFAULT NULL,
  `heure_debut` time DEFAULT NULL,
  `heure_fin` time DEFAULT NULL,
  `etat` enum('planifiee','en_cours','terminee','interrompue') NOT NULL DEFAULT 'planifiee'
) ENGINE=InnoDB DEFAULT CHARSET=utf8mb4 COLLATE=utf8mb4_general_ci;

--
-- Déchargement des données de la table `tournees`
--

INSERT INTO `tournees` (`id`, `date`, `cycliste_id`, `velo_id`, `heure_debut`, `heure_fin`, `etat`) VALUES
(1, '2024-11-12', NULL, NULL, '10:42:42', NULL, '');

-- --------------------------------------------------------

--
-- Structure de la table `tournees_cyclistes`
--

CREATE TABLE `tournees_cyclistes` (
  `id` int(11) NOT NULL,
  `tournee_id` int(11) NOT NULL,
  `cycliste_id` int(11) NOT NULL,
  `velo_id` int(11) NOT NULL
) ENGINE=InnoDB DEFAULT CHARSET=utf8mb4 COLLATE=utf8mb4_general_ci;

-- --------------------------------------------------------

--
-- Structure de la table `utilisateurs`
--

CREATE TABLE `utilisateurs` (
  `id` int(11) NOT NULL,
  `nom` varchar(100) NOT NULL,
  `prenom` varchar(100) DEFAULT NULL,
  `email` varchar(100) NOT NULL,
  `mot_de_passe` varchar(255) NOT NULL,
  `role_id` int(11) NOT NULL,
  `date_embauche` date DEFAULT NULL,
  `disponibilite` varchar(255) DEFAULT NULL
) ENGINE=InnoDB DEFAULT CHARSET=utf8mb4 COLLATE=utf8mb4_general_ci;

--
-- Déchargement des données de la table `utilisateurs`
--

INSERT INTO `utilisateurs` (`id`, `nom`, `prenom`, `email`, `mot_de_passe`, `role_id`, `date_embauche`, `disponibilite`) VALUES
(1, 'AdminPoubelleVerte', 'Admin', 'admin@poubelleverte.com', '*CC67043C7BCFF5EEA5566BD9B1F3C74FD9A5CF5D', 1, NULL, NULL),
(2, 'rh', 'rh', 'rh@poubelleverte.com', '123456789', 2, '0000-00-00', ''),
(3, 'gestionnaire', 'reseau', 'gestionnairereseau@poubelleverte.com', '123456789', 4, '0000-00-00', ''),
(4, 'Dupond', 'Pierre', 'pierre@poubelleverte.com', '123456789', 3, '2024-11-11', 'OUI');

-- --------------------------------------------------------

--
-- Structure de la table `velos`
--

CREATE TABLE `velos` (
  `id` int(11) NOT NULL,
  `numero` varchar(50) NOT NULL,
  `etat` varchar(50) NOT NULL DEFAULT 'operationnel',
  `autonomie_km` int(11) NOT NULL DEFAULT 50,
  `date_derniere_revision` date DEFAULT NULL
) ENGINE=InnoDB DEFAULT CHARSET=utf8mb4 COLLATE=utf8mb4_general_ci;

--
-- Index pour les tables déchargées
--

--
-- Index pour la table `affectations`
--
ALTER TABLE `affectations`
  ADD PRIMARY KEY (`id`),
  ADD KEY `cycliste_id` (`cycliste_id`),
  ADD KEY `velo_id` (`velo_id`);

--
-- Index pour la table `arrets`
--
ALTER TABLE `arrets`
  ADD PRIMARY KEY (`id`);

--
-- Index pour la table `arret_rues`
--
ALTER TABLE `arret_rues`
  ADD PRIMARY KEY (`id`),
  ADD KEY `rue_id` (`rue_id`),
  ADD KEY `arret_id` (`arret_id`);

--
-- Index pour la table `etat_arrets`
--
ALTER TABLE `etat_arrets`
  ADD PRIMARY KEY (`id`),
  ADD KEY `arret_id` (`arret_id`),
  ADD KEY `tournee_id` (`tournee_id`);

--
-- Index pour la table `etat_rues`
--
ALTER TABLE `etat_rues`
  ADD PRIMARY KEY (`id`),
  ADD KEY `rue_id` (`rue_id`),
  ADD KEY `tournee_id` (`tournee_id`);

--
-- Index pour la table `incidents`
--
ALTER TABLE `incidents`
  ADD PRIMARY KEY (`id`),
  ADD KEY `tournee_id` (`tournee_id`);

--
-- Index pour la table `points_passage`
--
ALTER TABLE `points_passage`
  ADD PRIMARY KEY (`id`),
  ADD KEY `tournee_id` (`tournee_id`),
  ADD KEY `arret_id` (`arret_id`);

--
-- Index pour la table `roles`
--
ALTER TABLE `roles`
  ADD PRIMARY KEY (`id`),
  ADD UNIQUE KEY `nom` (`nom`);

--
-- Index pour la table `rues`
--
ALTER TABLE `rues`
  ADD PRIMARY KEY (`id`);

--
-- Index pour la table `tournees`
--
ALTER TABLE `tournees`
  ADD PRIMARY KEY (`id`),
  ADD KEY `cycliste_id` (`cycliste_id`),
  ADD KEY `velo_id` (`velo_id`);

--
-- Index pour la table `tournees_cyclistes`
--
ALTER TABLE `tournees_cyclistes`
  ADD PRIMARY KEY (`id`),
  ADD KEY `tournee_id` (`tournee_id`),
  ADD KEY `cycliste_id` (`cycliste_id`);

--
-- Index pour la table `utilisateurs`
--
ALTER TABLE `utilisateurs`
  ADD PRIMARY KEY (`id`),
  ADD UNIQUE KEY `email` (`email`),
  ADD KEY `role_id` (`role_id`);

--
-- Index pour la table `velos`
--
ALTER TABLE `velos`
  ADD PRIMARY KEY (`id`),
  ADD UNIQUE KEY `numero` (`numero`);

--
-- AUTO_INCREMENT pour les tables déchargées
--

--
-- AUTO_INCREMENT pour la table `affectations`
--
ALTER TABLE `affectations`
  MODIFY `id` int(11) NOT NULL AUTO_INCREMENT;

--
-- AUTO_INCREMENT pour la table `arrets`
--
ALTER TABLE `arrets`
  MODIFY `id` int(11) NOT NULL AUTO_INCREMENT, AUTO_INCREMENT=448;

--
-- AUTO_INCREMENT pour la table `arret_rues`
--
ALTER TABLE `arret_rues`
  MODIFY `id` int(11) NOT NULL AUTO_INCREMENT, AUTO_INCREMENT=462;

--
-- AUTO_INCREMENT pour la table `etat_arrets`
--
ALTER TABLE `etat_arrets`
  MODIFY `id` int(11) NOT NULL AUTO_INCREMENT;

--
-- AUTO_INCREMENT pour la table `etat_rues`
--
ALTER TABLE `etat_rues`
  MODIFY `id` int(11) NOT NULL AUTO_INCREMENT;

--
-- AUTO_INCREMENT pour la table `incidents`
--
ALTER TABLE `incidents`
  MODIFY `id` int(11) NOT NULL AUTO_INCREMENT;

--
-- AUTO_INCREMENT pour la table `points_passage`
--
ALTER TABLE `points_passage`
  MODIFY `id` int(11) NOT NULL AUTO_INCREMENT;

--
-- AUTO_INCREMENT pour la table `roles`
--
ALTER TABLE `roles`
  MODIFY `id` int(11) NOT NULL AUTO_INCREMENT, AUTO_INCREMENT=5;

--
-- AUTO_INCREMENT pour la table `rues`
--
ALTER TABLE `rues`
  MODIFY `id` int(11) NOT NULL AUTO_INCREMENT, AUTO_INCREMENT=25;

--
-- AUTO_INCREMENT pour la table `tournees`
--
ALTER TABLE `tournees`
  MODIFY `id` int(11) NOT NULL AUTO_INCREMENT, AUTO_INCREMENT=3;

--
-- AUTO_INCREMENT pour la table `tournees_cyclistes`
--
ALTER TABLE `tournees_cyclistes`
  MODIFY `id` int(11) NOT NULL AUTO_INCREMENT;

--
-- AUTO_INCREMENT pour la table `utilisateurs`
--
ALTER TABLE `utilisateurs`
  MODIFY `id` int(11) NOT NULL AUTO_INCREMENT, AUTO_INCREMENT=5;

--
-- AUTO_INCREMENT pour la table `velos`
--
ALTER TABLE `velos`
  MODIFY `id` int(11) NOT NULL AUTO_INCREMENT;

--
-- Contraintes pour les tables déchargées
--

--
-- Contraintes pour la table `affectations`
--
ALTER TABLE `affectations`
  ADD CONSTRAINT `affectations_ibfk_1` FOREIGN KEY (`cycliste_id`) REFERENCES `utilisateurs` (`id`),
  ADD CONSTRAINT `affectations_ibfk_2` FOREIGN KEY (`velo_id`) REFERENCES `velos` (`id`);

--
-- Contraintes pour la table `arret_rues`
--
ALTER TABLE `arret_rues`
  ADD CONSTRAINT `arret_rues_ibfk_1` FOREIGN KEY (`rue_id`) REFERENCES `rues` (`id`) ON DELETE CASCADE,
  ADD CONSTRAINT `arret_rues_ibfk_2` FOREIGN KEY (`arret_id`) REFERENCES `arrets` (`id`) ON DELETE CASCADE;

--
-- Contraintes pour la table `etat_arrets`
--
ALTER TABLE `etat_arrets`
  ADD CONSTRAINT `etat_arrets_ibfk_1` FOREIGN KEY (`arret_id`) REFERENCES `arrets` (`id`),
  ADD CONSTRAINT `etat_arrets_ibfk_2` FOREIGN KEY (`tournee_id`) REFERENCES `tournees` (`id`);

--
-- Contraintes pour la table `etat_rues`
--
ALTER TABLE `etat_rues`
  ADD CONSTRAINT `etat_rues_ibfk_1` FOREIGN KEY (`rue_id`) REFERENCES `rues` (`id`),
  ADD CONSTRAINT `etat_rues_ibfk_2` FOREIGN KEY (`tournee_id`) REFERENCES `tournees` (`id`);

--
-- Contraintes pour la table `incidents`
--
ALTER TABLE `incidents`
  ADD CONSTRAINT `incidents_ibfk_1` FOREIGN KEY (`tournee_id`) REFERENCES `tournees` (`id`);

--
-- Contraintes pour la table `points_passage`
--
ALTER TABLE `points_passage`
  ADD CONSTRAINT `points_passage_ibfk_1` FOREIGN KEY (`tournee_id`) REFERENCES `tournees` (`id`),
  ADD CONSTRAINT `points_passage_ibfk_2` FOREIGN KEY (`arret_id`) REFERENCES `arrets` (`id`);

--
-- Contraintes pour la table `tournees`
--
ALTER TABLE `tournees`
  ADD CONSTRAINT `tournees_ibfk_1` FOREIGN KEY (`cycliste_id`) REFERENCES `utilisateurs` (`id`),
  ADD CONSTRAINT `tournees_ibfk_2` FOREIGN KEY (`velo_id`) REFERENCES `velos` (`id`);

--
-- Contraintes pour la table `tournees_cyclistes`
--
ALTER TABLE `tournees_cyclistes`
  ADD CONSTRAINT `tournees_cyclistes_ibfk_1` FOREIGN KEY (`tournee_id`) REFERENCES `tournees` (`id`) ON DELETE CASCADE,
  ADD CONSTRAINT `tournees_cyclistes_ibfk_2` FOREIGN KEY (`cycliste_id`) REFERENCES `utilisateurs` (`id`) ON DELETE CASCADE;

--
-- Contraintes pour la table `utilisateurs`
--
ALTER TABLE `utilisateurs`
  ADD CONSTRAINT `utilisateurs_ibfk_1` FOREIGN KEY (`role_id`) REFERENCES `roles` (`id`);
COMMIT;

/*!40101 SET CHARACTER_SET_CLIENT=@OLD_CHARACTER_SET_CLIENT */;
/*!40101 SET CHARACTER_SET_RESULTS=@OLD_CHARACTER_SET_RESULTS */;
/*!40101 SET COLLATION_CONNECTION=@OLD_COLLATION_CONNECTION */;
